[
  {
    "BoardName": "Epics",
    "value": [
      {
        "name": "New",
        "itemLimit": 0,
        "stateMappings": {
          "Epic": "New"
        },
        "columnType": "incoming"
      },
      {
        "name": "In Progress",
        "itemLimit": 5,
        "stateMappings": {
          "Epic": "In Progress"
        },
        "columnType": "inProgress",
        "isSplit": false,
        "description": ""
      },
      {
        "name": "Done",
        "itemLimit": 0,
        "stateMappings": {
          "Epic": "Done"
        },
        "columnType": "outgoing"
      }
    ]
  },
  {
    "BoardName": "Features",
    "value": [
      {
        "name": "New",
        "itemLimit": 0,
        "stateMappings": {
          "Feature": "New"
        },
        "columnType": "incoming"
      },
      {
        "name": "In Progress",
        "itemLimit": 5,
        "stateMappings": {
          "Feature": "In Progress"
        },
        "columnType": "inProgress",
        "isSplit": false,
        "description": ""
      },
      {
        "name": "Done",
        "itemLimit": 0,
        "stateMappings": {
          "Feature": "Done"
        },
        "columnType": "outgoing"
      }
    ]
  },
  {
    "BoardName": "Backlog Items",
    "value": [
      {
        "name": "To Do",
        "itemLimit": 0,
        "stateMappings": {
          "Product Backlog Item": "New"
        },
        "columnType": "incoming"
      },
      {
        "name": "Doing",
        "itemLimit": 5,
        "stateMappings": {
          "Product Backlog Item": "New"
        },
        "columnType": "inProgress",
        "isSplit": false,
        "description": ""
      },
      {
        "name": "Done",
        "itemLimit": 0,
        "stateMappings": {
          "Product Backlog Item": "Done"
        },
        "columnType": "outgoing"
      }
    ]
  }
]