{
  "Extensions": [
    {
      "extensionName": "Definition of Done",
      "link": "<a href='https://marketplace.visualstudio.com/items?itemName=agile-extensions.dod' target='_blank'><b>Definition of Done</b></a>",
      "publisherId": "agile-extensions",
      "extensionId": "dod",
      "publisherName": "Agile Extensions",
      "License": "<a href='https://marketplace.visualstudio.com/items?itemName=agile-extensions.dod' target='_blank'>License Terms</a>"
    },
    {
      "extensionName": "AWS Toolkit for Azure DevOps",
      "link": "<a href='https://marketplace.visualstudio.com/items?itemName=AmazonWebServices.aws-vsts-tools' target='_blank'><b>AWS Toolkit for Azure DevOps</b></a>",
      "publisherId": "AmazonWebServices",
      "extensionId": "aws-vsts-tools",
      "publisherName": "Amazon Web Services",
      "License": "<a href='https://marketplace.visualstudio.com/items?itemName=AmazonWebServices.aws-vsts-tools' target='_blank'>License Terms</a>"
    },
    {
      "extensionName": "ARM Outputs",
      "link": "<a href='https://marketplace.visualstudio.com/items?itemName=keesschollaart.arm-outputs' target='_blank'><b>ARM Outputs</b></a>",
      "publisherId": "keesschollaart",
      "extensionId": "arm-outputs",
      "publisherName": "Kees Schollaart",
      "License": "<a href='https://marketplace.visualstudio.com/items?itemName=keesschollaart.arm-outputs' target='_blank'>License Terms</a>"
    },
    {
      "extensionName": "Terraform",
      "link": "<a href='https://marketplace.visualstudio.com/items?itemName=ms-devlabs.custom-terraform-tasks' target='_blank'><b>Terraform</b></a>",
      "publisherId": "ms-devlabs",
      "extensionId": "custom-terraform-tasks",
      "publisherName": "Microsoft DevLabs",
      "License": "<a href='https://marketplace.visualstudio.com/items?itemName=ms-devlabs.custom-terraform-tasks' target='_blank'>License Terms</a>"
    },
    {
      "extensionName": "Estimate",
      "link": "<a href='https://marketplace.visualstudio.com/items?itemName=ms-devlabs.estimate' target='_blank'><b>Estimate</b></a>",
      "publisherId": "ms-devlabs",
      "extensionId": "estimate",
      "publisherName": "Microsoft DevLabs",
      "License": "<a href='https://marketplace.visualstudio.com/items?itemName=ms-devlabs.estimate' target='_blank'>License Terms</a>"
    },
    {
      "extensionName": "Retrospectives",
      "link": "<a href='https://marketplace.visualstudio.com/items?itemName=ms-devlabs.team-retrospectives' target='_blank'><b>Retrospectives</b></a>",
      "publisherId": "ms-devlabs",
      "extensionId": "team-retrospectives",
      "publisherName": "Microsoft DevLabs",
      "License": "<a href='https://marketplace.visualstudio.com/items?itemName=ms-devlabs.team-retrospectives' target='_blank'>License Terms</a>"
    },
    {
      "extensionName": "Team Project Health",
      "link": "<a href='https://marketplace.visualstudio.com/items?itemName=ms-devlabs.TeamProjectHealth' target='_blank'><b>Team Project Health</b></a>",
      "publisherId": "ms-devlabs",
      "extensionId": "TeamProjectHealth",
      "publisherName": "Microsoft DevLabs",
      "License": "<a href='https://marketplace.visualstudio.com/items?itemName=ms-devlabs.TeamProjectHealth' target='_blank'>License Terms</a>"
    },
    {
      "extensionName": "Multivalue control",
      "link": "<a href='https://marketplace.visualstudio.com/items?itemName=ms-devlabs.vsts-extensions-multivalue-control' target='_blank'><b>Multivalue control</b></a>",
      "publisherId": "ms-devlabs",
      "extensionId": "vsts-extensions-multivalue-control",
      "publisherName": "Microsoft DevLabs",
      "License": "<a href='https://marketplace.visualstudio.com/items?itemName=ms-devlabs.vsts-extensions-multivalue-control' target='_blank'>License Terms</a>"
    },
    {
      "extensionName": "Google Play",
      "link": "<a href='https://marketplace.visualstudio.com/items?itemName=ms-vsclient.google-play' target='_blank'><b>Google Play</b></a>",
      "publisherId": "ms-vsclient",
      "extensionId": "google-play",
      "publisherName": "Microsoft",
      "License": "<a href='https://marketplace.visualstudio.com/items?itemName=ms-vsclient.google-play' target='_blank'>License Terms</a>"
    },
    {
      "extensionName": "SpecMap",
      "link": "<a href='https://marketplace.visualstudio.com/items?itemName=techtalk.specmap' target='_blank'><b>SpecMap</b></a>",
      "publisherId": "techtalk",
      "extensionId": "specmap",
      "publisherName": "SpecFlow Team",
      "License": "<a href='https://marketplace.visualstudio.com/items?itemName=techtalk.specmap' target='_blank'>License Terms</a>"
    },
    {
      "extensionName": "Delivery Plans",
      "link": "<a href='https://marketplace.visualstudio.com/items?itemName=ms.vss-plans' target='_blank'><b>Delivery Plans</b></a>",
      "publisherId": "ms",
      "extensionId": "vss-plans",
      "publisherName": "Microsoft",
      "License": "<a href='https://marketplace.visualstudio.com/items?itemName=ms.vss-plans' target='_blank'>License Terms</a>"
    }
  ]
}