{
  "count": 2,
  "value": [
    {
      "id": 62096,
      "rev": 25,
      "fields": {
        "System.AreaPath": "2021-Prop-B-KlasX-TY",
        "System.TeamProject": "2021-Prop-B-KlasX-TY",
        "System.IterationPath": "$ProjectName$\\Sprint 1",
        "System.WorkItemType": "Product Backlog Item",
        "System.State": "New",
        "System.Reason": "New backlog item",
        "System.CreatedDate": "2021-10-01T09:48:30.72Z",
        "System.CreatedBy": "Joost Vanstreels <joost.vanstreels@hu.nl>",
        "System.ChangedDate": "2021-11-25T14:19:34.767Z",
        "System.ChangedBy": "Wiemer Kuik <wiemer.kuik@hu.nl>",
        "System.Title": "Onderdeel 1. Basisapplicatie met data",
        "Microsoft.VSTS.Scheduling.Effort": 0.0,
        "System.Description": "<div><span style=\"color:rgb(45, 59, 69);font-family:&quot;Lato Extended&quot;, Lato, &quot;Helvetica Neue&quot;, Helvetica, Arial, sans-serif;font-size:16px;text-align:left;display:inline !important;\">De basisapplicatie zorgt voor de communicatie met de dataset en de Raspberri Pi en toont data op het dashboard dat de gebruiker te zien krijgt en waarmee diegene kan communiceren.</span><br></div>",
        "System.AssignedTo": null,
        "Microsoft.VSTS.Scheduling.RemainingWork": 0.0,
        "Microsoft.VSTS.Common.Priority": 1.0,
        "System.BoardLane": null,
        "System.Tags": null,
        "Microsoft.VSTS.TCM.Steps": null,
        "Microsoft.VSTS.TCM.Parameters": null,
        "Microsoft.VSTS.TCM.LocalDataSource": null,
        "Microsoft.VSTS.TCM.AutomationStatus": null,
        "System.History": null
      },
      "relations": [
        {
          "rel": "System.LinkTypes.Hierarchy-Forward",
          "url": "https://dev.azure.com/HU-HBO-ICT/_apis/wit/workItems/62097",
          "attributes": {
            "isLocked": "false",
            "comment": "Houd er rekening mee dat je in de volgende opdracht de datapunten moet kunnen sorteren en er beschrijvende statistiek op moet gaan toepassen, dus kies een handig datatype waarbij dit mogelijk is",
            "name": "Child"
          }
        },
        {
          "rel": "System.LinkTypes.Hierarchy-Forward",
          "url": "https://dev.azure.com/HU-HBO-ICT/_apis/wit/workItems/62100",
          "attributes": {
            "isLocked": "false",
            "name": "Child"
          }
        },
        {
          "rel": "System.LinkTypes.Hierarchy-Forward",
          "url": "https://dev.azure.com/HU-HBO-ICT/_apis/wit/workItems/62098",
          "attributes": {
            "isLocked": "false",
            "name": "Child"
          }
        },
        {
          "rel": "System.LinkTypes.Hierarchy-Forward",
          "url": "https://dev.azure.com/HU-HBO-ICT/_apis/wit/workItems/62101",
          "attributes": {
            "isLocked": "false",
            "name": "Child"
          }
        },
        {
          "rel": "System.LinkTypes.Hierarchy-Forward",
          "url": "https://dev.azure.com/HU-HBO-ICT/_apis/wit/workItems/62099",
          "attributes": {
            "isLocked": "false",
            "name": "Child"
          }
        }
      ],
      "url": "https://dev.azure.com/HU-HBO-ICT/_apis/wit/workItems/62096"
    },
    {
      "id": 71318,
      "rev": 4,
      "fields": {
        "System.AreaPath": "2021-Prop-B-KlasX-TY",
        "System.TeamProject": "2021-Prop-B-KlasX-TY",
        "System.IterationPath": "$ProjectName$\\Sprint 1",
        "System.WorkItemType": "Product Backlog Item",
        "System.State": "New",
        "System.Reason": "New backlog item",
        "System.CreatedDate": "2021-11-16T11:06:22.12Z",
        "System.CreatedBy": "Joost Vanstreels <joost.vanstreels@hu.nl>",
        "System.ChangedDate": "2021-11-19T20:23:39.197Z",
        "System.ChangedBy": "Wiemer Kuik <wiemer.kuik@hu.nl>",
        "System.Title": "Onderdeel 3. Statistiekfuncties op dashboard",
        "Microsoft.VSTS.Scheduling.Effort": 0.0,
        "System.Description": "<div>Vul hier in welke functies op het dashboard getoond worden, hoe ze moeten werken, etc. </div>",
        "System.AssignedTo": null,
        "Microsoft.VSTS.Scheduling.RemainingWork": 0.0,
        "Microsoft.VSTS.Common.Priority": 2.0,
        "System.BoardLane": null,
        "System.Tags": null,
        "Microsoft.VSTS.TCM.Steps": null,
        "Microsoft.VSTS.TCM.Parameters": null,
        "Microsoft.VSTS.TCM.LocalDataSource": null,
        "Microsoft.VSTS.TCM.AutomationStatus": null,
        "System.History": null
      },
      "relations": [
        {
          "rel": "System.LinkTypes.Hierarchy-Forward",
          "url": "https://dev.azure.com/HU-HBO-ICT/_apis/wit/workItems/71320",
          "attributes": {
            "isLocked": "false",
            "name": "Child"
          }
        },
        {
          "rel": "System.LinkTypes.Hierarchy-Forward",
          "url": "https://dev.azure.com/HU-HBO-ICT/_apis/wit/workItems/71321",
          "attributes": {
            "isLocked": "false",
            "name": "Child"
          }
        },
        {
          "rel": "System.LinkTypes.Hierarchy-Forward",
          "url": "https://dev.azure.com/HU-HBO-ICT/_apis/wit/workItems/71319",
          "attributes": {
            "isLocked": "false",
            "name": "Child"
          }
        },
        {
          "rel": "System.LinkTypes.Hierarchy-Forward",
          "url": "https://dev.azure.com/HU-HBO-ICT/_apis/wit/workItems/71323",
          "attributes": {
            "isLocked": "false",
            "name": "Child"
          }
        },
        {
          "rel": "System.LinkTypes.Hierarchy-Forward",
          "url": "https://dev.azure.com/HU-HBO-ICT/_apis/wit/workItems/71322",
          "attributes": {
            "isLocked": "false",
            "name": "Child"
          }
        }
      ],
      "url": "https://dev.azure.com/HU-HBO-ICT/_apis/wit/workItems/71318"
    }
  ],
  "HttpStatusCode": 0,
  "Message": null
}