{
  "count": 10,
  "value": [
    {
      "id": 62097,
      "rev": 10,
      "fields": {
        "System.AreaPath": "2021-Prop-B-KlasX-TY",
        "System.TeamProject": "2021-Prop-B-KlasX-TY",
        "System.IterationPath": "$ProjectName$\\Sprint 1",
        "System.WorkItemType": "Task",
        "System.State": "To Do",
        "System.Reason": "Work stopped",
        "System.CreatedDate": "2021-10-01T09:57:30.597Z",
        "System.CreatedBy": "Joost Vanstreels <joost.vanstreels@hu.nl>",
        "System.ChangedDate": "2021-10-07T11:57:50.893Z",
        "System.ChangedBy": "Joost Vanstreels <joost.vanstreels@hu.nl>",
        "System.Title": "Bronbestand inladen",
        "Microsoft.VSTS.Scheduling.Effort": 0.0,
        "System.Description": "<div><span style=\"color:rgb(45, 59, 69);font-family:&quot;Lato Extended&quot;, Lato, &quot;Helvetica Neue&quot;, Helvetica, Arial, sans-serif;font-size:16px;text-align:left;display:inline !important;\">Houd er rekening mee dat je in de volgende opdracht de datapunten moet kunnen sorteren en er beschrijvende statistiek op moet gaan toepassen, dus kies een handig datatype waarbij dit mogelijk is.</span><br></div>",
        "System.AssignedTo": null,
        "Microsoft.VSTS.Scheduling.RemainingWork": 0.0,
        "Microsoft.VSTS.Common.Priority": 1.0,
        "System.BoardLane": null,
        "System.Tags": null,
        "Microsoft.VSTS.TCM.Steps": null,
        "Microsoft.VSTS.TCM.Parameters": null,
        "Microsoft.VSTS.TCM.LocalDataSource": null,
        "Microsoft.VSTS.TCM.AutomationStatus": null,
        "System.History": null
      },
      "relations": [
        {
          "rel": "System.LinkTypes.Hierarchy-Reverse",
          "url": "https://dev.azure.com/HU-HBO-ICT/_apis/wit/workItems/62096",
          "attributes": {
            "isLocked": "false",
            "comment": "Houd er rekening mee dat je in de volgende opdracht de datapunten moet kunnen sorteren en er beschrijvende statistiek op moet gaan toepassen, dus kies een handig datatype waarbij dit mogelijk is",
            "name": "Parent"
          }
        }
      ],
      "url": "https://dev.azure.com/HU-HBO-ICT/_apis/wit/workItems/62097"
    },
    {
      "id": 62098,
      "rev": 14,
      "fields": {
        "System.AreaPath": "2021-Prop-B-KlasX-TY",
        "System.TeamProject": "2021-Prop-B-KlasX-TY",
        "System.IterationPath": "$ProjectName$\\Sprint 1",
        "System.WorkItemType": "Task",
        "System.State": "To Do",
        "System.Reason": "Work stopped",
        "System.CreatedDate": "2021-10-01T09:58:34.923Z",
        "System.CreatedBy": "Joost Vanstreels <joost.vanstreels@hu.nl>",
        "System.ChangedDate": "2021-10-11T11:44:08.18Z",
        "System.ChangedBy": "Joost Vanstreels <joost.vanstreels@hu.nl>",
        "System.Title": "Een functie die een GUI weergeeft",
        "Microsoft.VSTS.Scheduling.Effort": 0.0,
        "System.Description": null,
        "System.AssignedTo": null,
        "Microsoft.VSTS.Scheduling.RemainingWork": 0.0,
        "Microsoft.VSTS.Common.Priority": 1.0,
        "System.BoardLane": null,
        "System.Tags": null,
        "Microsoft.VSTS.TCM.Steps": null,
        "Microsoft.VSTS.TCM.Parameters": null,
        "Microsoft.VSTS.TCM.LocalDataSource": null,
        "Microsoft.VSTS.TCM.AutomationStatus": null,
        "System.History": null
      },
      "relations": [
        {
          "rel": "System.LinkTypes.Hierarchy-Reverse",
          "url": "https://dev.azure.com/HU-HBO-ICT/_apis/wit/workItems/62096",
          "attributes": {
            "isLocked": "false",
            "name": "Parent"
          }
        }
      ],
      "url": "https://dev.azure.com/HU-HBO-ICT/_apis/wit/workItems/62098"
    },
    {
      "id": 62099,
      "rev": 10,
      "fields": {
        "System.AreaPath": "2021-Prop-B-KlasX-TY",
        "System.TeamProject": "2021-Prop-B-KlasX-TY",
        "System.IterationPath": "$ProjectName$\\Sprint 1",
        "System.WorkItemType": "Task",
        "System.State": "To Do",
        "System.Reason": "Additional work found",
        "System.CreatedDate": "2021-10-01T09:58:49.04Z",
        "System.CreatedBy": "Joost Vanstreels <joost.vanstreels@hu.nl>",
        "System.ChangedDate": "2021-10-07T11:57:50.893Z",
        "System.ChangedBy": "Joost Vanstreels <joost.vanstreels@hu.nl>",
        "System.Title": "Een functie die de naam van het eerste spel uit het bronbestand weergeeft in het dashboard",
        "Microsoft.VSTS.Scheduling.Effort": 0.0,
        "System.Description": null,
        "System.AssignedTo": null,
        "Microsoft.VSTS.Scheduling.RemainingWork": 0.0,
        "Microsoft.VSTS.Common.Priority": 1.0,
        "System.BoardLane": null,
        "System.Tags": null,
        "Microsoft.VSTS.TCM.Steps": null,
        "Microsoft.VSTS.TCM.Parameters": null,
        "Microsoft.VSTS.TCM.LocalDataSource": null,
        "Microsoft.VSTS.TCM.AutomationStatus": null,
        "System.History": null
      },
      "relations": [
        {
          "rel": "System.LinkTypes.Hierarchy-Reverse",
          "url": "https://dev.azure.com/HU-HBO-ICT/_apis/wit/workItems/62096",
          "attributes": {
            "isLocked": "false",
            "name": "Parent"
          }
        }
      ],
      "url": "https://dev.azure.com/HU-HBO-ICT/_apis/wit/workItems/62099"
    },
    {
      "id": 62100,
      "rev": 9,
      "fields": {
        "System.AreaPath": "2021-Prop-B-KlasX-TY",
        "System.TeamProject": "2021-Prop-B-KlasX-TY",
        "System.IterationPath": "$ProjectName$\\Sprint 1",
        "System.WorkItemType": "Task",
        "System.State": "To Do",
        "System.Reason": "Work stopped",
        "System.CreatedDate": "2021-10-01T09:59:02.733Z",
        "System.CreatedBy": "Joost Vanstreels <joost.vanstreels@hu.nl>",
        "System.ChangedDate": "2021-10-07T11:57:50.893Z",
        "System.ChangedBy": "Joost Vanstreels <joost.vanstreels@hu.nl>",
        "System.Title": "Een functie waarmee de data uit het bronbestand gesorteerd kan worden (standaard sorteerfunctie van Python)",
        "Microsoft.VSTS.Scheduling.Effort": 0.0,
        "System.Description": null,
        "System.AssignedTo": null,
        "Microsoft.VSTS.Scheduling.RemainingWork": 0.0,
        "Microsoft.VSTS.Common.Priority": 1.0,
        "System.BoardLane": null,
        "System.Tags": null,
        "Microsoft.VSTS.TCM.Steps": null,
        "Microsoft.VSTS.TCM.Parameters": null,
        "Microsoft.VSTS.TCM.LocalDataSource": null,
        "Microsoft.VSTS.TCM.AutomationStatus": null,
        "System.History": null
      },
      "relations": [
        {
          "rel": "System.LinkTypes.Hierarchy-Reverse",
          "url": "https://dev.azure.com/HU-HBO-ICT/_apis/wit/workItems/62096",
          "attributes": {
            "isLocked": "false",
            "name": "Parent"
          }
        }
      ],
      "url": "https://dev.azure.com/HU-HBO-ICT/_apis/wit/workItems/62100"
    },
    {
      "id": 62101,
      "rev": 5,
      "fields": {
        "System.AreaPath": "2021-Prop-B-KlasX-TY",
        "System.TeamProject": "2021-Prop-B-KlasX-TY",
        "System.IterationPath": "$ProjectName$\\Sprint 1",
        "System.WorkItemType": "Task",
        "System.State": "To Do",
        "System.Reason": "New task",
        "System.CreatedDate": "2021-10-01T09:59:38.16Z",
        "System.CreatedBy": "Joost Vanstreels <joost.vanstreels@hu.nl>",
        "System.ChangedDate": "2021-10-07T11:57:50.893Z",
        "System.ChangedBy": "Joost Vanstreels <joost.vanstreels@hu.nl>",
        "System.Title": "Een README.md bestand",
        "Microsoft.VSTS.Scheduling.Effort": 0.0,
        "System.Description": "<div>Het README.md bestand moet de volgende informatie bevatten:</div><div><span>1. Een voor buitenstaanders begrijpelijke beschrijving van het doel van het project;<br></span><div>2. De namen, studentnummers en usernames van alle leden van de groep;<br></div><span>3. Instructies voor de gebruiker hoe de code kan worden uitgevoerd, zodat de docenten de genoemde GUI te zien krijgen.</span><br></div>",
        "System.AssignedTo": null,
        "Microsoft.VSTS.Scheduling.RemainingWork": 0.0,
        "Microsoft.VSTS.Common.Priority": 1.0,
        "System.BoardLane": null,
        "System.Tags": null,
        "Microsoft.VSTS.TCM.Steps": null,
        "Microsoft.VSTS.TCM.Parameters": null,
        "Microsoft.VSTS.TCM.LocalDataSource": null,
        "Microsoft.VSTS.TCM.AutomationStatus": null,
        "System.History": null
      },
      "relations": [
        {
          "rel": "System.LinkTypes.Hierarchy-Reverse",
          "url": "https://dev.azure.com/HU-HBO-ICT/_apis/wit/workItems/62096",
          "attributes": {
            "isLocked": "false",
            "name": "Parent"
          }
        }
      ],
      "url": "https://dev.azure.com/HU-HBO-ICT/_apis/wit/workItems/62101"
    },
    {
      "id": 71319,
      "rev": 1,
      "fields": {
        "System.AreaPath": "2021-Prop-B-KlasX-TY",
        "System.TeamProject": "2021-Prop-B-KlasX-TY",
        "System.IterationPath": "$ProjectName$\\Sprint 1",
        "System.WorkItemType": "Task",
        "System.State": "To Do",
        "System.Reason": "New task",
        "System.CreatedDate": "2021-11-16T11:08:10.07Z",
        "System.CreatedBy": "Joost Vanstreels <joost.vanstreels@hu.nl>",
        "System.ChangedDate": "2021-11-16T11:08:10.07Z",
        "System.ChangedBy": "Joost Vanstreels <joost.vanstreels@hu.nl>",
        "System.Title": "Pseudecode schrijven",
        "Microsoft.VSTS.Scheduling.Effort": 0.0,
        "System.Description": "<div>Vul hier in wat de taak inhoudt en wat je gaat opleveren </div>",
        "System.AssignedTo": null,
        "Microsoft.VSTS.Scheduling.RemainingWork": 0.0,
        "Microsoft.VSTS.Common.Priority": 2.0,
        "System.BoardLane": null,
        "System.Tags": null,
        "Microsoft.VSTS.TCM.Steps": null,
        "Microsoft.VSTS.TCM.Parameters": null,
        "Microsoft.VSTS.TCM.LocalDataSource": null,
        "Microsoft.VSTS.TCM.AutomationStatus": null,
        "System.History": null
      },
      "relations": [
        {
          "rel": "System.LinkTypes.Hierarchy-Reverse",
          "url": "https://dev.azure.com/HU-HBO-ICT/_apis/wit/workItems/71318",
          "attributes": {
            "isLocked": "false",
            "name": "Parent"
          }
        }
      ],
      "url": "https://dev.azure.com/HU-HBO-ICT/_apis/wit/workItems/71319"
    },
    {
      "id": 71320,
      "rev": 1,
      "fields": {
        "System.AreaPath": "2021-Prop-B-KlasX-TY",
        "System.TeamProject": "2021-Prop-B-KlasX-TY",
        "System.IterationPath": "$ProjectName$\\Sprint 1",
        "System.WorkItemType": "Task",
        "System.State": "To Do",
        "System.Reason": "New task",
        "System.CreatedDate": "2021-11-16T11:08:55.813Z",
        "System.CreatedBy": "Joost Vanstreels <joost.vanstreels@hu.nl>",
        "System.ChangedDate": "2021-11-16T11:08:55.813Z",
        "System.ChangedBy": "Joost Vanstreels <joost.vanstreels@hu.nl>",
        "System.Title": "Code schrijven",
        "Microsoft.VSTS.Scheduling.Effort": 0.0,
        "System.Description": "<div>Denk ook aan een klein ontwerpje zoals input, output, etc. </div>",
        "System.AssignedTo": null,
        "Microsoft.VSTS.Scheduling.RemainingWork": 0.0,
        "Microsoft.VSTS.Common.Priority": 2.0,
        "System.BoardLane": null,
        "System.Tags": null,
        "Microsoft.VSTS.TCM.Steps": null,
        "Microsoft.VSTS.TCM.Parameters": null,
        "Microsoft.VSTS.TCM.LocalDataSource": null,
        "Microsoft.VSTS.TCM.AutomationStatus": null,
        "System.History": null
      },
      "relations": [
        {
          "rel": "System.LinkTypes.Hierarchy-Reverse",
          "url": "https://dev.azure.com/HU-HBO-ICT/_apis/wit/workItems/71318",
          "attributes": {
            "isLocked": "false",
            "name": "Parent"
          }
        }
      ],
      "url": "https://dev.azure.com/HU-HBO-ICT/_apis/wit/workItems/71320"
    },
    {
      "id": 71321,
      "rev": 1,
      "fields": {
        "System.AreaPath": "2021-Prop-B-KlasX-TY",
        "System.TeamProject": "2021-Prop-B-KlasX-TY",
        "System.IterationPath": "$ProjectName$\\Sprint 1",
        "System.WorkItemType": "Task",
        "System.State": "To Do",
        "System.Reason": "New task",
        "System.CreatedDate": "2021-11-16T11:09:20.5Z",
        "System.CreatedBy": "Joost Vanstreels <joost.vanstreels@hu.nl>",
        "System.ChangedDate": "2021-11-16T11:09:20.5Z",
        "System.ChangedBy": "Joost Vanstreels <joost.vanstreels@hu.nl>",
        "System.Title": "Functie testen",
        "Microsoft.VSTS.Scheduling.Effort": 0.0,
        "System.Description": "<div>Functie afzonderlijk testen </div>",
        "System.AssignedTo": null,
        "Microsoft.VSTS.Scheduling.RemainingWork": 0.0,
        "Microsoft.VSTS.Common.Priority": 2.0,
        "System.BoardLane": null,
        "System.Tags": null,
        "Microsoft.VSTS.TCM.Steps": null,
        "Microsoft.VSTS.TCM.Parameters": null,
        "Microsoft.VSTS.TCM.LocalDataSource": null,
        "Microsoft.VSTS.TCM.AutomationStatus": null,
        "System.History": null
      },
      "relations": [
        {
          "rel": "System.LinkTypes.Hierarchy-Reverse",
          "url": "https://dev.azure.com/HU-HBO-ICT/_apis/wit/workItems/71318",
          "attributes": {
            "isLocked": "false",
            "name": "Parent"
          }
        }
      ],
      "url": "https://dev.azure.com/HU-HBO-ICT/_apis/wit/workItems/71321"
    },
    {
      "id": 71322,
      "rev": 1,
      "fields": {
        "System.AreaPath": "2021-Prop-B-KlasX-TY",
        "System.TeamProject": "2021-Prop-B-KlasX-TY",
        "System.IterationPath": "$ProjectName$\\Sprint 1",
        "System.WorkItemType": "Task",
        "System.State": "To Do",
        "System.Reason": "New task",
        "System.CreatedDate": "2021-11-16T11:09:41.633Z",
        "System.CreatedBy": "Joost Vanstreels <joost.vanstreels@hu.nl>",
        "System.ChangedDate": "2021-11-16T11:09:41.633Z",
        "System.ChangedBy": "Joost Vanstreels <joost.vanstreels@hu.nl>",
        "System.Title": "Functie integreren in dashboard",
        "Microsoft.VSTS.Scheduling.Effort": 0.0,
        "System.Description": "<div>Beschrijf de acties die daarvoor noodzakelijk zijn </div>",
        "System.AssignedTo": null,
        "Microsoft.VSTS.Scheduling.RemainingWork": 0.0,
        "Microsoft.VSTS.Common.Priority": 2.0,
        "System.BoardLane": null,
        "System.Tags": null,
        "Microsoft.VSTS.TCM.Steps": null,
        "Microsoft.VSTS.TCM.Parameters": null,
        "Microsoft.VSTS.TCM.LocalDataSource": null,
        "Microsoft.VSTS.TCM.AutomationStatus": null,
        "System.History": null
      },
      "relations": [
        {
          "rel": "System.LinkTypes.Hierarchy-Reverse",
          "url": "https://dev.azure.com/HU-HBO-ICT/_apis/wit/workItems/71318",
          "attributes": {
            "isLocked": "false",
            "name": "Parent"
          }
        }
      ],
      "url": "https://dev.azure.com/HU-HBO-ICT/_apis/wit/workItems/71322"
    },
    {
      "id": 71323,
      "rev": 2,
      "fields": {
        "System.AreaPath": "2021-Prop-B-KlasX-TY",
        "System.TeamProject": "2021-Prop-B-KlasX-TY",
        "System.IterationPath": "$ProjectName$\\Sprint 1",
        "System.WorkItemType": "Task",
        "System.State": "To Do",
        "System.Reason": "New task",
        "System.CreatedDate": "2021-11-16T11:10:19.557Z",
        "System.CreatedBy": "Joost Vanstreels <joost.vanstreels@hu.nl>",
        "System.ChangedDate": "2021-11-16T11:10:38.43Z",
        "System.ChangedBy": "Joost Vanstreels <joost.vanstreels@hu.nl>",
        "System.Title": "Integratie functie in dashboard realiseren",
        "Microsoft.VSTS.Scheduling.Effort": 0.0,
        "System.Description": "<div>Integratietesten voordat het item écht af is! </div>",
        "System.AssignedTo": null,
        "Microsoft.VSTS.Scheduling.RemainingWork": 0.0,
        "Microsoft.VSTS.Common.Priority": 2.0,
        "System.BoardLane": null,
        "System.Tags": null,
        "Microsoft.VSTS.TCM.Steps": null,
        "Microsoft.VSTS.TCM.Parameters": null,
        "Microsoft.VSTS.TCM.LocalDataSource": null,
        "Microsoft.VSTS.TCM.AutomationStatus": null,
        "System.History": null
      },
      "relations": [
        {
          "rel": "System.LinkTypes.Hierarchy-Reverse",
          "url": "https://dev.azure.com/HU-HBO-ICT/_apis/wit/workItems/71318",
          "attributes": {
            "isLocked": "false",
            "name": "Parent"
          }
        }
      ],
      "url": "https://dev.azure.com/HU-HBO-ICT/_apis/wit/workItems/71323"
    }
  ],
  "HttpStatusCode": 0,
  "Message": null
}